text,label
kalau dari pengalamanku overall masih oke untuk harga segini,1
jujur ya adminnya susah dihubungi!,0
kalau dari pengalamanku overall masih oke untuk harga segini...,1
produk ini beneran bagus buat pemakaian harian,2
buatku produk ini standar dari pengalaman pertama sih,1
buatku recommended banget dari segi fitur sih,2
kalau dari pengalamanku kualitasnya mantap dari segi fitur buatku.,2
buatku packaging rusak waktu sampai untuk harga segini buatku,0
tidak recommended buat pemakaian harian buatku,0
kalau dari pengalamanku dipakai harian tetap nyaman dari pengalaman pertama sih,2
buatku adminnya responsif dan ramah sih,2
buatku fiturnya sangat membantu buat pemakaian harian,2
overall masih oke untuk harga segini buat pemakaian harian ya!,1
buatku barang ini standar dari pengalaman pertama sih...,1
kalau dari pengalamanku fiturnya cukup membantu sih,1
review singkat kwalitasnya lumayan buat pemakaian harian banget,1
menurutku harga tidak sebanding dari segi fitur sih,0
review singkat saya tidak puas untuk harga segini sih,0
jujur ya packaging rusak waktu sampai dari segi fitur bgt,0
kalau dari pengalamanku pengiriman sesuai estimasi buat pemakaian harian menurutku,1
menurutku sejauh ini aman tapi belum spesial.,1
review singkat servis cukup biasa dari pengalaman pertama,1
kalau dari pengalamanku harga tidak sebanding dari pengalaman pertama sih,0
review singkat fiturnya cukup membantu untuk harga segini,1
buatku harga masih oke untuk harga segini menurutku,1
jujur ya dipakai sebentar langsung bermasalah dari pengalaman pertama menurutku,0
review singkat produk ini standar untuk harga segini menurutku,1
buatku pelayanan sangat lambat ya,0
review singkat saya suka hasilnya buat pemakaian harian sih,2
review singkat harga masih oke dari pengalaman pertama,1
menurutku pelayanan cukup biasa dari pengalaman pertama.,1
harga masih oke banget,1
buatku produk ini sangat bagus dari segi fitur,2
kalau dari pengalamanku packaging rusak waktu sampai dari pengalaman pertama sih,0
kalau dari pengalamanku pelayanan cukup biasa dari segi fitur!,1
review singkat dipakai harian tetap nyaman untuk harga segini buatku,2
jujur ya fiturnya sering error buat pemakaian harian sih,0
kalau dari pengalamanku saya suka hasilnya dari pengalaman pertama banget,2
kualitasnya lumayan buat pemakaian harian menurutku.,1
jujur ya kwalitasnya lumayan dari pengalaman pertama ya...,1
jujur ya adminnya responsif dan ramah untuk harga segini banget.,2
jujur ya pengalaman saya biasa saja dari pengalaman pertama ya,1
review singkat recommended banget untuk harga segini buatku,2
review singkat produk ini standar untuk harga segini bgt!,1
buatku pengalaman saya biasa saja untuk harga segini menurutku,1
kalau dari pengalamanku dipakai harian tetap nyaman menurutku!,2
harga tidak sebanding buat pemakaian harian ya,0
pelayanan sangat lambat,0
kalau dari pengalamanku harga sesuai kualitas buatku,2
jujur ya fiturnya sering error ya,0
buatku fiturnya cukup membantu dari pengalaman pertama banget,1
jujur ya servis sangat lambat dari pengalaman pertama,0
buatku fiturnya jalan sesuai deskripsi dari pengalaman pertama ya,1
buatku barang datang dalam kondisi jelek dari segi fitur banget,0
review singkat tidak recommended untuk harga segini ya,0
buatku pengiriman terlambat dari pengalaman pertama menurutku,0
harga tidak sebanding untuk harga segini banget.,0
kalau dari pengalamanku adminnya susah dihubungi dari pengalaman pertama ya,0
jujur ya barang datang dalam kondisi jelek dari pengalaman pertama sih,0
kalau dari pengalamanku pengiriman terlambat untuk harga segini.,0
buatku worth it banget buat dibeli dari pengalaman pertama,2
kalau dari pengalamanku barang ini standar untuk harga segini ya,1
kalau dari pengalamanku kualitasnya lumayan menurutku,1
buatku packaging rapi dan aman untuk harga segini banget,2
buatku pengiriman tepat waktu buat pemakaian harian,2
barang datang dalam kondisi jelek untuk harga segini sih...,0
menurutku worth it bgt buat dibeli dari segi fitur,2
kalau dari pengalamanku pengiriman tepat waktu banget,2
overall masih oke untuk harga segini ya,1
buatku recommended banget dari segi fitur ya,2
buatku fiturnya jalan sesuai deskripsi buat pemakaian harian buatku,1
jujur ya produk ini standar dari segi fitur!,1
pelayanannya sangat lambat buat pemakaian harian banget,0
review singkat pelayanannya cukup biasa menurutku,1
buatku pengiriman normal tidak cepat tidak lambat buat pemakaian harian menurutku,1
hasilnya tidak buruk tidak istimewa untuk harga segini ya,1
menurutku tidak recommended sih,0
jujur ya packaging rapi dan aman dari segi fitur buatku,2
kalau dari pengalamanku harga sesuai kualitas untuk harga segini ya,2
jujur ya servis cepat dan memuaskan dari pengalaman pertama menurutku,2
buatku kualitasnya lumayan dari pengalaman pertama,1
jujur ya kwalitasnya buruk dari segi fitur menurutku,0
jujur ya saya suka hasilnya untuk harga segini,2
buatku kualitasnya lumayan sih,1
menurutku gak recommended buat pemakaian harian banget,0
menurutku dipakai harian tetap nyaman buat pemakaian harian menurutku,2
fiturnya beneran membantu buat pemakaian harian buatku,2
jujur ya pengalaman saya biasa saja dari pengalaman pertama buatku...,1
menurutku kualitasnya lumayan untuk harga segini buatku,1
kalau dari pengalamanku harga ga sebanding buat pemakaian harian menurutku,0
review singkat pengalaman saya biasa saja dari segi fitur,1
jujur ya fiturnya sangat membantu dari segi fitur,2
buatku tidak recommended dari segi fitur ya,0
packaging rapi dan aman dari pengalaman pertama,2
menurutku produk ini sangat bagus ya.,2
buatku pelayanan sangat lambat dari segi fitur banget,0
menurutku dipakai harian tetap nyaman ya,2
kalau dari pengalamanku harga tidak sebanding banget,0
jujur ya ga recommended untuk harga segini menurutku,0
jujur ya dipakai harian tetap nyaman banget,2
dipakai sebentar langsung bermasalah ya,0
kalau dari pengalamanku worth it bnget buat dibeli buat pemakaian harian,2
review singkat fiturnya jalan sesuai deskripsi buat pemakaian harian banget,1
jujur ya pengalaman saya biasa saja buat pemakaian harian bnget,1
review singkat harga masih oke dari pengalaman pertama banget,1
review singkat servis cepat dan memuaskan buatku,2
review singkat packaging rusak waktu sampai dari pengalaman pertama banget...,0
jujur ya pengiriman normal tidak cepat tidak lambat buatku,1
jujur ya adminnya susah dihubungi buat pemakaian harian sih,0
pengalaman saya biasa saja buat pemakaian harian banget,1
kalau dari pengalamanku dipakai sebentar langsung bermasalah dari segi fitur buatku,0
jujur ya dipakai harian tetap nyaman buat pemakaian harian menurutku,2
kalau dari pengalamanku saya tidak puas untuk harga segini menurutku,0
review singkat sejauh ini aman tapi belum spesial menurutku.,1
buatku sejauh ini aman tapi belum spesial buat pemakaian harian ya,1
review singkat fiturnya sangat membantu buat pemakaian harian!,2
kalau dari pengalamanku produk ini standar ya...,1
harga sesuai kualitas dari segi fitur bgt,2
jujur ya servis cukup biasa dari segi fitur buatku,1
jujur ya kwalitasnya buruk,0
menurutku kwalitasnya buruk untuk harga segini,0
menurutku pelayanan cukup biasa untuk harga segini bgt,1
jujur ya saya nggak puas dari segi fitur ya,0
kalau dari pengalamanku produk ini standar dari pengalaman pertama ya,1
review singkat sejauh ini aman tapi belum spesial buat pemakaian harian menurutku,1
dipakai sebentar langsung bermasalah dari segi fitur banget,0
menurutku kualitasnya lumayan dari segi fitur sih,1
menurutku packaging rusak waktu sampai,0
packaging rapi dan aman dari segi fitur menurutku,2
fiturnya sering error buat pemakaian harian,0
kualitasnya buruk buatku,0
buatku overall masih oke untuk harga segini dari pengalaman pertama sih...,1
menurutku fiturnya sangat membantu untuk harga segini menurutku,2
menurutku fiturnya sering error untuk harga segini!,0
buatku fiturnya sangat membantu untuk harga segini banget...,2
jujur ya fiturnya cukup membantu untuk harga segini ya,1
kalau dari pengalamanku kualitasnya lumayan menurutku,1
review singkat adminnya responsif dan ramah.,2
buatku worth it banget buat dibeli untuk harga segini banget...,2
kalau dari pengalamanku saya suka hasilnya dari segi fitur menurutku,2
jujur ya adminnya responsif dan ramah dari segi fitur buatku,2
jujur ya hasilnya tidak buruk tidak istimewa dari pengalaman pertama menurutku,1
jujur ya tidak recommended dari segi fitur menurutku,0
menurutku harga gak sebanding untuk harga segini bgt,0
menurutku harga sesuai kualitas dari pengalaman pertama sih,2
menurutku overall masih oke untuk harga segini menurutku,1
review singkat packaging rusak waktu sampai untuk harga segini ya,0
review singkat fiturnya sering error dari pengalaman pertama,0
menurutku packaging rapi dan aman ya,2
jujur ya saya tidak puas untuk harga segini ya,0
produk ini mengecewakan buat pemakaian harian menurutku,0
kalau dari pengalamanku packaging rusak waktu sampai untuk harga segini ya,0
fiturnya cukup membantu bgt,1
buatku dipakai harian tetap nyaman untuk harga segini buatku,2
buatku harga masih oke sih,1
review singkat produk ini mengecewakan buat pemakaian harian sih,0
menurutku pelayanan sangat lambat buat pemakaian harian ya,0
buatku harga sesuai kualitas dari segi fitur,2
buatku worth it banget buat dibeli dari pengalaman pertama buatku,2
menurutku barang ini sangat bagus untuk harga segini,2
kalau dari pengalamanku fiturnya jalan sesuai deskripsi dari segi fitur,1
kalau dari pengalamanku produk ini beneran bagus dari segi fitur buatku,2
review singkat adminnya susah dihubungi dari pengalaman pertama,0
kalau dari pengalamanku harga tidak sebanding ya,0
jujur ya barang datang dalam kondisi jelek dari segi fitur,0
buatku saya suka hasilnya dari pengalaman pertama bgt,2
recommended banget untuk harga segini menurutku...,2
overall masih oke untuk harga segini dari pengalaman pertama,1
jujur ya delivery tepat waktu menurutku,2
buatku packaging rapi dan aman untuk harga segini ya,2
jujur ya fiturnya cukup membantu dari pengalaman pertama buatku,1
review singkat sejauh ini aman tapi belum spesial sih,1
buatku worth it banget buat dibeli,2
sejauh ini aman tapi belum spesial,1
buatku barang datang dalam kondisi jelek dari segi fitur banget,0
review singkat fiturnya sangat membantu dari pengalaman pertama sih,2
buatku saya suka hasilnya dari segi fitur buatku!,2
menurutku recommended bnget untuk harga segini menurutku,2
jujur ya saya nggak puas untuk harga segini buatku!,0
jujur ya kualitasnya buruk dari pengalaman pertama sih,0
kalau dari pengalamanku fiturnya sering error buat pemakaian harian buatku,0
fiturnya sering error untuk harga segini banget,0
kualitasnya lumayan untuk harga segini ya,1
kalau dari pengalamanku kualitasnya buruk sih...,0
pelayanan cukup biasa dari segi fitur buatku,1
kalau dari pengalamanku saya suka hasilnya menurutku!,2
review singkat kualitasnya buruk buat pemakaian harian,0
menurutku fiturnya beneran membantu untuk harga segini menurutku,2
review singkat kualitasnya buruk dari pengalaman pertama ya...,0
buatku fiturnya sering error dari segi fitur sih,0
review singkat sejauh ini aman tapi belum spesial untuk harga segini menurutku...,1
kalau dari pengalamanku produk ini standar buat pemakaian harian ya,1
kalau dari pengalamanku tidak recommended dari pengalaman pertama ya,0
kualitasnya lumayan untuk harga segini sih,1
menurutku recommended banget banget,2
menurutku servis beneran lambat ya,0
worth it banget buat dibeli dari pengalaman pertama ya,2
review singkat pengiriman sesuai estimasi dari pengalaman pertama!,1
menurutku packaging rapi dan aman untuk harga segini bnget,2
review singkat worth it banget buat dibeli untuk harga segini menurutku...,2
menurutku pelayanan sangat lambat buat pemakaian harian banget,0
jujur ya pengiriman tepat waktu dari segi fitur,2
jujur ya sejauh ini aman tapi belum spesial buat pemakaian harian banget,1
jujur ya barang ini mengecewakan untuk harga segini buatku,0
jujur ya hasilnya ga buruk tidak istimewa untuk harga segini buatku,1
kalau dari pengalamanku worth it banget buat dibeli sih,2
buatku pengiriman tepat waktu buat pemakaian harian buatku,2
pengiriman normal tidak cepat tidak lambat buat pemakaian harian ya,1
review singkat packaging rusak waktu sampai untuk harga segini ya,0
packaging rapi dan aman dari segi fitur,2
menurutku delivery tepat waktu,2
menurutku dipakai sebentar langsung bermasalah untuk harga segini sih,0
jujur ya pengiriman sesuai estimasi buat pemakaian harian sih,1
review singkat fiturnya sangat membantu banget,2
jujur ya pelayanan cukup biasa dari segi fitur banget,1
dipakai sebentar langsung bermasalah untuk harga segini ya,0
worth it bgt buat dibeli buat pemakaian harian,2
review singkat produk ini sangat bagus dari segi fitur menurutku,2
review singkat saya tidak puas dari segi fitur sih!,0
menurutku nggak recommended menurutku,0
menurutku saya suka hasilnya buatku!,2
menurutku pengiriman sesuai estimasi untuk harga segini buatku,1
kalau dari pengalamanku dipakai harian tetap nyaman dari pengalaman pertama ya,2
review singkat harga masih oke banget,1
kalau dari pengalamanku harga masih oke untuk harga segini buatku,1
jujur ya harga tidak sebanding dari segi fitur menurutku,0
review singkat sejauh ini aman tapi belum spesial ya!,1
buatku packaging rusak waktu sampai buat pemakaian harian sih,0
buatku hasilnya gak buruk tidak istimewa dari pengalaman pertama,1
buatku harga masih oke untuk harga segini sih,1
menurutku pengiriman terlambat dari pengalaman pertama ya...,0
kalau dari pengalamanku harga ga sebanding untuk harga segini sih,0
review singkat barang datang dalam kondisi jelek dari pengalaman pertama menurutku...,0
review singkat harga masih oke untuk harga segini sih,1
kalau dari pengalamanku harga sesuai kualitas dari segi fitur menurutku,2
menurutku fiturnya sering error untuk harga segini sih...,0
kalau dari pengalamanku pengiriman tepat waktu dari segi fitur menurutku,2
menurutku saya suka hasilnya dari pengalaman pertama,2
menurutku recommended banget untuk harga segini menurutku,2
pengiriman terlambat dari segi fitur,0
menurutku pengalaman saya biasa saja dari pengalaman pertama ya,1
kalau dari pengalamanku dipakai harian tetap nyaman dari segi fitur banget,2
jujur ya harga sesuai kualitas dari segi fitur ya,2
buatku packaging rapi dan aman dari segi fitur,2
kalau dari pengalamanku servis cukup biasa dari pengalaman pertama ya,1
jujur ya harga tidak sebanding dari segi fitur menurutku,0
review singkat pengiriman terlambat ya.,0
buatku pengiriman sesuai estimasi untuk harga segini menurutku,1
kalau dari pengalamanku packaging rusak waktu sampai dari segi fitur buatku,0
buatku packaging rapi dan aman dari pengalaman pertama buatku,2
kalau dari pengalamanku worth it banget buat dibeli dari segi fitur ya!,2
kalau dari pengalamanku fiturnya sangat membantu dari pengalaman pertama ya,2
menurutku packaging rusak waktu sampai buat pemakaian harian buatku,0
jujur ya adminnya responsif dan ramah dari segi fitur menurutku,2
barang ini standar untuk harga segini menurutku,1
buatku overall masih oke untuk harga segini untuk harga segini buatku,1
buatku fiturnya sering error dari pengalaman pertama,0
buatku sejauh ini aman tapi belum spesial buat pemakaian harian menurutku,1
kalau dari pengalamanku adminnya responsif dan ramah dari segi fitur ya,2
jujur ya produk ini standar dari pengalaman pertama ya,1
review singkat packaging rusak waktu sampai sih,0
dipakai sebentar langsung bermasalah untuk harga segini ya,0
sejauh ini aman tapi belum spesial buat pemakaian harian buatku,1
menurutku pengalaman saya biasa saja untuk harga segini menurutku,1
menurutku barang datang dalam kondisi jelek dari pengalaman pertama,0
kalau dari pengalamanku fiturnya sering error untuk harga segini sih,0
review singkat packaging rusak waktu sampai dari segi fitur,0
review singkat barang datang dalam kondisi jelek buatku,0
sejauh ini aman tapi belum spesial untuk harga segini menurutku,1
jujur ya fiturnya cukup membantu buat pemakaian harian sih,1
buatku fiturnya jalan sesuai deskripsi dari pengalaman pertama,1
buatku harga sesuai kualitas dari segi fitur menurutku,2
menurutku barang ini standar dari segi fitur sih.,1
jujur ya sejauh ini aman tapi belum spesial dari segi fitur menurutku,1
menurutku produk ini mengecewakan buat pemakaian harian ya,0
menurutku saya gak puas dari segi fitur,0
review singkat harga tidak sebanding dari pengalaman pertama ya,0
buatku fiturnya sangat membantu dari segi fitur ya,2
menurutku produk ini sangat bagus untuk harga segini buatku,2
menurutku kualitasnya lumayan buat pemakaian harian,1
buatku barang ini standar dari segi fitur.,1
harga sesuai kualitas dari segi fitur menurutku.,2
review singkat produk ini standar buatku,1
kalau dari pengalamanku pengiriman tepat waktu dari pengalaman pertama buatku,2
dipakai harian tetap nyaman dari pengalaman pertama menurutku!,2
review singkat fiturnya sangat membantu,2
kalau dari pengalamanku barang ini mengecewakan dari segi fitur,0
review singkat worth it banget buat dibeli ya.,2
review singkat worth it bgt buat dibeli buat pemakaian harian menurutku,2
pelayanan cepat dan memuaskan buat pemakaian harian sih,2
kalau dari pengalamanku fiturnya cukup membantu buat pemakaian harian buatku.,1
review singkat harga sesuai kwalitas dari pengalaman pertama ya,2
jujur ya kualitasnya buruk ya,0
jujur ya produk ini sangat bagus banget,2
harga sesuai kualitas dari segi fitur,2
jujur ya dipakai sebentar langsung bermasalah dari segi fitur sih...,0
menurutku barang datang dalam kondisi jelek banget,0
kalau dari pengalamanku harga sesuai kualitas buat pemakaian harian buatku,2
jujur ya barang datang dalam kondisi jelek untuk harga segini sih,0
review singkat adminnya susah dihubungi dari pengalaman pertama buatku,0
buatku kualitasnya mantap sih,2
pelayanannya cepat dan memuaskan untuk harga segini buatku,2
kalau dari pengalamanku pengiriman terlambat untuk harga segini buatku,0
review singkat tidak recommended bnget,0
jujur ya fiturnya sangat membantu ya,2
dipakai sebentar langsung bermasalah dari segi fitur ya...,0
kalau dari pengalamanku hasilnya tidak buruk tidak istimewa untuk harga segini bgt,1
buatku harga masih oke untuk harga segini ya,1
pengiriman tepat waktu menurutku,2
menurutku adminnya susah dihubungi untuk harga segini ya.,0
review singkat fiturnya sering error buat pemakaian harian banget...,0
menurutku pelayanan cukup biasa dari segi fitur banget,1
menurutku barang ini standar dari segi fitur!,1
kalau dari pengalamanku worth it banget buat dibeli dari segi fitur sih,2
kalau dari pengalamanku harga sesuai kualitas untuk harga segini menurutku.,2
buatku pelayanan cepat dan memuaskan buat pemakaian harian ya,2
menurutku pengiriman sesuai estimasi dari segi fitur sih,1
review singkat fiturnya beneran membantu dari segi fitur sih,2
pengiriman terlambat untuk harga segini ya,0
harga masih oke dari segi fitur.,1
jujur ya recommended banget buat pemakaian harian ya...,2
kalau dari pengalamanku packaging rusak waktu sampai buat pemakaian harian ya.,0
menurutku pengiriman tepat waktu buat pemakaian harian.,2
jujur ya pelayanan cepat dan memuaskan untuk harga segini menurutku,2
kalau dari pengalamanku pengalaman saya biasa saja untuk harga segini buatku,1
jujur ya harga tidak sebanding,0
menurutku hasilnya ga buruk tidak istimewa ya,1
jujur ya barang datang dalam kondisi jelek untuk harga segini,0
adminnya susah dihubungi buat pemakaian harian,0
menurutku fiturnya sangat membantu buatku.,2
kalau dari pengalamanku kualitasnya lumayan ya,1
jujur ya delivery sesuai estimasi dari segi fitur,1
buatku harga tidak sebanding menurutku.,0
kalau dari pengalamanku packaging rusak waktu sampai buatku.,0
buatku saya suka hasilnya menurutku,2
review singkat adminnya responsif dan ramah dari pengalaman pertama,2
menurutku produk ini mengecewakan untuk harga segini,0
buatku servis cepat dan memuaskan dari pengalaman pertama sih,2
review singkat packaging rapi dan aman untuk harga segini menurutku,2
review singkat fiturnya sering error buatku,0
sejauh ini aman tapi belum spesial untuk harga segini ya,1
review singkat pengiriman tepat waktu sih,2
kalau dari pengalamanku adminnya responsif dan ramah ya,2
buatku saya suka hasilnya dari segi fitur menurutku,2
review singkat delivery normal gak cepat tidak lambat dari segi fitur banget!,1
review singkat packaging rapi dan aman untuk harga segini banget,2
review singkat pengiriman terlambat buatku,0
buatku overall masih oke untuk harga segini dari segi fitur sih!,1
menurutku adminnya susah dihubungi untuk harga segini ya,0
kalau dari pengalamanku adminnya responsif dan ramah untuk harga segini sih!,2
buatku produk ini standar menurutku.,1
jujur ya pengalaman saya biasa saja dari segi fitur sih!,1
buatku fiturnya sering error buat pemakaian harian menurutku.,0
kalau dari pengalamanku hasilnya tidak buruk tidak istimewa buat pemakaian harian sih,1
buatku produk ini standar dari segi fitur banget,1
buatku gak recommended buat pemakaian harian menurutku,0
fiturnya jalan sesuai deskripsi dari pengalaman pertama menurutku,1
buatku produk ini mengecewakan...,0
review singkat hasilnya gak buruk tidak istimewa untuk harga segini ya!,1
kalau dari pengalamanku delivery terlambat dari pengalaman pertama buatku,0
review singkat barang ini standar dari segi fitur.,1
jujur ya fiturnya jalan sesuai deskripsi buat pemakaian harian menurutku!,1
jujur ya produk ini standar untuk harga segini sih,1
kalau dari pengalamanku kualitasnya mantap untuk harga segini ya,2
kalau dari pengalamanku harga masih oke dari segi fitur menurutku,1
overall masih oke untuk harga segini dari pengalaman pertama banget,1
buatku kualitasnya buruk dari pengalaman pertama sih,0
review singkat harga masih oke dari segi fitur ya,1
kalau dari pengalamanku fiturnya jalan sesuai deskripsi dari segi fitur sih,1
kalau dari pengalamanku pengalaman saya biasa saja buat pemakaian harian buatku,1
jujur ya pelayanan cepat dan memuaskan untuk harga segini sih,2
saya suka hasilnya dari pengalaman pertama sih,2
recommended banget untuk harga segini banget,2
buatku pengiriman terlambat dari pengalaman pertama ya,0
kalau dari pengalamanku overall masih oke untuk harga segini sih!,1
kalau dari pengalamanku harga sesuai kualitas dari pengalaman pertama buatku,2
review singkat hasilnya tidak buruk tidak istimewa dari segi fitur ya,1
review singkat dipakai sebentar langsung bermasalah untuk harga segini sih,0
jujur ya pelayanan cukup biasa menurutku,1
pengiriman normal tidak cepat tidak lambat untuk harga segini ya,1
kalau dari pengalamanku dipakai sebentar langsung bermasalah untuk harga segini banget,0
kalau dari pengalamanku fiturnya cukup membantu,1
recommended banget untuk harga segini buatku,2
menurutku pengalaman saya biasa saja untuk harga segini buatku,1
jujur ya servis beneran lambat untuk harga segini ya,0
buatku pelayanan sangat lambat buat pemakaian harian buatku,0
buatku pelayanan cukup biasa buat pemakaian harian sih,1
review singkat adminnya responsif dan ramah dari segi fitur banget,2
menurutku saya tidak puas ya,0
buatku adminnya responsif dan ramah dari segi fitur menurutku.,2
kalau dari pengalamanku recommended bgt banget.,2
menurutku fiturnya cukup membantu dari pengalaman pertama sih,1
buatku pengiriman terlambat untuk harga segini ya.,0
menurutku pengiriman normal nggak cepat tidak lambat buat pemakaian harian sih,1
menurutku adminnya susah dihubungi dari segi fitur banget!,0
jujur ya recommended banget dari pengalaman pertama,2
buatku pengiriman normal tidak cepat tidak lambat dari pengalaman pertama buatku,1
buatku sejauh ini aman tapi belum spesial dari segi fitur banget,1
jujur ya pengiriman terlambat dari segi fitur,0
menurutku pelayanan cepat dan ok buat pemakaian harian sih,2
kalau dari pengalamanku kualitasnya buruk dari segi fitur sih,0
buatku pengiriman terlambat buat pemakaian harian banget...,0
menurutku pengiriman tepat waktu sih...,2
buatku produk ini standar dari pengalaman pertama sih,1
menurutku pengiriman sesuai estimasi buat pemakaian harian,1
harga sesuai kualitas sih...,2
kalau dari pengalamanku recommended bnget ya,2
sejauh ini aman tapi belum spesial dari segi fitur sih,1
review singkat saya suka hasilnya untuk harga segini banget,2
buatku packaging rapi dan aman untuk harga segini buatku,2
kalau dari pengalamanku fiturnya jalan sesuai deskripsi buat pemakaian harian buatku,1
review singkat saya nggak puas,0
kalau dari pengalamanku servis cukup biasa dari pengalaman pertama ya,1
kalau dari pengalamanku adminnya responsif dan ramah dari pengalaman pertama banget!,2
kwalitasnya mantap dari pengalaman pertama buatku,2
jujur ya delivery terlambat buatku,0
kalau dari pengalamanku delivery tepat waktu dari pengalaman pertama sih,2
buatku harga masih oke buat pemakaian harian ya...,1
jujur ya kualitasnya mantap dari pengalaman pertama menurutku,2
buatku kualitasnya buruk buat pemakaian harian menurutku,0
buatku packaging rapi dan aman dari pengalaman pertama,2
kalau dari pengalamanku kualitasnya lumayan ya,1
buatku harga tidak sebanding dari segi fitur buatku...,0
jujur ya fiturnya sangat membantu buat pemakaian harian sih,2
review singkat saya tidak puas dari segi fitur buatku,0
review singkat pengiriman terlambat buat pemakaian harian bnget,0
review singkat pengiriman terlambat,0
menurutku fiturnya cukup membantu buat pemakaian harian banget,1
review singkat saya suka hasilnya untuk harga segini sih,2
menurutku harga sesuai kualitas buat pemakaian harian sih,2
dipakai sebentar langsung bermasalah dari pengalaman pertama menurutku,0
harga sesuai kualitas untuk harga segini sih,2
fiturnya jalan sesuai deskripsi dari pengalaman pertama buatku,1
buatku pengiriman sesuai estimasi dari segi fitur,1
jujur ya harga tidak sebanding untuk harga segini ya,0
jujur ya harga tidak sebanding untuk harga segini banget,0
menurutku sejauh ini aman tapi belum spesial sih.,1
review singkat kualitasnya buruk untuk harga segini!,0
menurutku pengiriman terlambat dari segi fitur menurutku,0
kalau dari pengalamanku fiturnya sering error,0
menurutku ga recommended banget,0
kalau dari pengalamanku adminnya susah dihubungi buatku...,0
review singkat fiturnya cukup membantu dari pengalaman pertama sih,1
kalau dari pengalamanku servis cepat dan memuaskan untuk harga segini menurutku,2
review singkat dipakai sebentar langsung bermasalah buat pemakaian harian menurutku,0
review singkat pengiriman tepat waktu dari segi fitur sih,2
kalau dari pengalamanku delivery tepat waktu untuk harga segini menurutku...,2
tidak rekomen buat pemakaian harian buatku,0
review singkat produk ini mengecewakan untuk harga segini,0
review singkat adminnya susah dihubungi buat pemakaian harian sih,0
review singkat produk ini mengecewakan dari pengalaman pertama sih,0
review singkat fiturnya sangat membantu buat pemakaian harian!,2
buatku packaging rusak waktu sampai dari segi fitur buatku!,0
buatku fiturnya jalan sesuai deskripsi buat pemakaian harian...,1
produk ini sangat bagus buat pemakaian harian banget,2
menurutku pengiriman terlambat ya,0
kalau dari pengalamanku produk ini mengecewakan untuk harga segini,0
menurutku pengiriman normal nggak cepat tidak lambat untuk harga segini sih,1
menurutku produk ini sangat bagus dari pengalaman pertama ya,2
review singkat harga tidak sebanding untuk harga segini.,0
review singkat fiturnya cukup membantu untuk harga segini buatku,1
review singkat saya tidak puas dari pengalaman pertama buatku,0
menurutku kualitasnya buruk menurutku,0
harga masih oke dari pengalaman pertama ya...,1
review singkat barang datang dalam kondisi jelek dari pengalaman pertama buatku,0
jujur ya saya tidak puas untuk harga segini banget!,0
menurutku harga sesuai kualitas sih,2
review singkat sejauh ini aman tapi belum spesial,1
review singkat pengiriman tepat waktu dari pengalaman pertama,2
buatku pengalaman saya biasa saja untuk harga segini sih,1
review singkat pengalaman saya biasa saja dari segi fitur ya,1
buatku harga sesuai kualitas buat pemakaian harian...,2
kalau dari pengalamanku kualitasnya lumayan dari segi fitur!,1
review singkat kualitasnya lumayan dari pengalaman pertama bgt,1
menurutku dipakai harian tetap nyaman menurutku...,2
review singkat tidak recommended dari pengalaman pertama...,0
jujur ya kualitasnya buruk!,0
menurutku kualitasnya lumayan dari pengalaman pertama!,1
jujur ya fiturnya sangat membantu dari segi fitur ya.,2
review singkat overall masih oke untuk harga segini dari pengalaman pertama bgt,1
review singkat hasilnya tidak buruk tidak istimewa,1
buatku packaging rusak waktu sampai buat pemakaian harian,0
menurutku pengiriman sesuai estimasi buat pemakaian harian,1
review singkat harga masih oke sih,1
kalau dari pengalamanku fiturnya jalan sesuai deskripsi dari segi fitur banget,1
buatku overall masih oke untuk harga segini dari pengalaman pertama sih,1
menurutku pelayanan cukup biasa dari pengalaman pertama ya,1
review singkat produk ini standar untuk harga segini menurutku,1
harga sesuai kualitas buat pemakaian harian ya...,2
review singkat dipakai sebentar langsung bermasalah menurutku,0
jujur ya hasilnya ga buruk tidak istimewa dari pengalaman pertama banget...,1
kalau dari pengalamanku adminnya susah dihubungi buat pemakaian harian buatku,0
kalau dari pengalamanku pengiriman normal tidak cepat tidak lambat buatku,1
kalau dari pengalamanku adminnya susah dihubungi sih,0
menurutku saya suka hasilnya buat pemakaian harian banget,2
jujur ya pengiriman normal nggak cepat tidak lambat dari segi fitur,1
review singkat kualitasnya mantap dari pengalaman pertama,2
kalau dari pengalamanku overall masih oke untuk harga segini buat pemakaian harian menurutku,1
menurutku produk ini mengecewakan buat pemakaian harian banget,0
pengiriman terlambat dari segi fitur menurutku.,0
review singkat pengiriman sesuai estimasi dari pengalaman pertama buatku,1
kalau dari pengalamanku pelayanan sangat lambat dari pengalaman pertama buatku,0
menurutku pengiriman normal gak cepat tidak lambat dari pengalaman pertama menurutku,1
review singkat worth it banget buat dibeli dari segi fitur banget,2
kalau dari pengalamanku fiturnya sering error dari pengalaman pertama,0
menurutku adminnya susah dihubungi dari pengalaman pertama banget...,0
review singkat packaging rusak waktu sampai buat pemakaian harian!,0
menurutku packaging rusak waktu sampai banget,0
review singkat kualitasnya mantap untuk harga segini ya,2
menurutku pengiriman terlambat buatku,0
kalau dari pengalamanku kualitasnya mantap sih,2
kalau dari pengalamanku packaging rapi dan aman untuk harga segini menurutku...,2
jujur ya packaging rapi dan aman dari segi fitur,2
jujur ya adminnya responsif dan ramah untuk harga segini,2
servis cukup biasa buat pemakaian harian buatku,1
pengiriman sesuai estimasi sih,1
buatku worth it bnget buat dibeli untuk harga segini menurutku,2
buatku barang datang dalam kondisi jelek dari segi fitur buatku.,0
jujur ya sejauh ini aman tapi belum spesial dari pengalaman pertama banget,1
kalau dari pengalamanku hasilnya ga buruk tidak istimewa dari segi fitur banget,1
jujur ya recommended banget menurutku,2
kalau dari pengalamanku packaging rusak waktu sampai dari segi fitur bgt,0
review singkat adminnya responsif dan ramah untuk harga segini menurutku,2
kalau dari pengalamanku pelayanan cepat dan memuaskan,2
review singkat kwalitasnya lumayan untuk harga segini sih,1
jujur ya produk ini sangat bagus ya,2
pengiriman tepat waktu dari segi fitur,2
jujur ya barang ini mengecewakan buatku,0
buatku dipakai harian tetap nyaman untuk harga segini buatku,2
buatku produk ini mengecewakan menurutku,0
kualitasnya buruk,0
kalau dari pengalamanku fiturnya sangat membantu untuk harga segini ya,2
kalau dari pengalamanku fiturnya jalan sesuai deskripsi dari pengalaman pertama banget!,1
menurutku pengiriman sesuai estimasi dari pengalaman pertama ya.,1
pengiriman normal tidak cepat tidak lambat sih,1
jujur ya fiturnya jalan sesuai deskripsi buat pemakaian harian sih.,1
kalau dari pengalamanku pelayanan cukup biasa buat pemakaian harian buatku,1
pengiriman sesuai estimasi dari pengalaman pertama ya...,1
jujur ya adminnya susah dihubungi sih...,0
kalau dari pengalamanku pengiriman sesuai estimasi dari pengalaman pertama ya,1
kalau dari pengalamanku pengiriman terlambat dari segi fitur sih,0
buatku kualitasnya buruk dari segi fitur bgt,0
kalau dari pengalamanku fiturnya sering error dari pengalaman pertama bnget,0
buatku dipakai sebentar langsung bermasalah dari pengalaman pertama banget,0
menurutku fiturnya cukup membantu sih...,1
kalau dari pengalamanku fiturnya cukup membantu banget,1
review singkat servis cepat dan memuaskan sih...,2
jujur ya pengiriman terlambat untuk harga segini menurutku,0
jujur ya pengiriman tepat waktu untuk harga segini,2
buatku recommended banget untuk harga segini ya,2
review singkat fiturnya jalan sesuai deskripsi buat pemakaian harian,1
buatku dipakai sebentar langsung bermasalah dari segi fitur menurutku.,0
jujur ya saya suka hasilnya dari pengalaman pertama buatku,2
kalau dari pengalamanku harga masih oke buatku,1
kalau dari pengalamanku adminnya responsif dan ramah sih,2
menurutku tidak recommended ya,0
fiturnya jalan sesuai deskripsi dari pengalaman pertama sih,1
kualitasnya lumayan dari segi fitur menurutku,1
jujur ya delivery normal tidak cepat tidak lambat ya,1
review singkat pelayanan sangat lambat dari pengalaman pertama banget,0
jujur ya harga tidak sebanding dari pengalaman pertama buatku,0
menurutku produk ini mengecewakan dari segi fitur bnget,0
buatku worth it bgt buat dibeli banget,2
buatku saya nggak puas dari segi fitur sih!,0
kualitasnya lumayan untuk harga segini buatku,1
menurutku kualitasnya lumayan ya,1
menurutku adminnya susah dihubungi sih,0
review singkat recommended banget buat pemakaian harian,2
review singkat fiturnya jalan sesuai deskripsi menurutku,1
buatku kualitasnya buruk dari segi fitur ya,0
kalau dari pengalamanku kualitasnya lumayan buat pemakaian harian...,1
menurutku kualitasnya mantap buat pemakaian harian sih,2
menurutku fiturnya cukup membantu buatku,1
buatku harga sesuai kualitas buat pemakaian harian!,2
menurutku delivery normal tidak cepat tidak lambat buat pemakaian harian ya!,1
kalau dari pengalamanku produk ini standar dari pengalaman pertama buatku,1
kalau dari pengalamanku produk ini sangat bagus banget,2
buatku pengiriman tepat waktu dari segi fitur buatku!,2
review singkat packaging rusak waktu sampai buat pemakaian harian ya,0
review singkat servis cukup biasa untuk harga segini menurutku,1
buatku fiturnya sering error dari pengalaman pertama ya,0
pengalaman saya biasa saja dari pengalaman pertama ya,1
menurutku servis cukup biasa dari segi fitur ya,1
buatku harga tidak sebanding dari pengalaman pertama!,0
kalau dari pengalamanku produk ini mengecewakan dari segi fitur menurutku,0
buatku delivery terlambat dari pengalaman pertama menurutku,0
review singkat pengalaman saya biasa saja dari segi fitur ya,1
menurutku saya suka hasilnya ya.,2
kalau dari pengalamanku fiturnya jalan sesuai deskripsi untuk harga segini menurutku,1
menurutku fiturnya sering error untuk harga segini ya,0
pengiriman sesuai estimasi buat pemakaian harian menurutku,1
packaging rapi dan aman buat pemakaian harian ya...,2
produk ini sangat bagus menurutku,2
kalau dari pengalamanku dipakai harian tetap nyaman untuk harga segini banget,2
saya suka hasilnya buat pemakaian harian menurutku,2
jujur ya pengalaman saya biasa saja untuk harga segini menurutku!,1
fiturnya cukup membantu dari pengalaman pertama,1
fiturnya jalan sesuai deskripsi buat pemakaian harian ya.,1
menurutku delivery terlambat banget,0
review singkat kualitasnya mantap dari segi fitur ya...,2
menurutku fiturnya sering error untuk harga segini...,0
review singkat produk ini standar dari pengalaman pertama banget,1
servis cukup biasa untuk harga segini buatku,1
jujur ya saya suka hasilnya untuk harga segini sih,2
jujur ya worth it banget buat dibeli untuk harga segini banget,2
jujur ya harga masih oke untuk harga segini ya,1
kalau dari pengalamanku pelayanan cepat dan memuaskan dari segi fitur,2
review singkat fiturnya sering error dari pengalaman pertama menurutku,0
kalau dari pengalamanku hasilnya tidak buruk tidak istimewa buat pemakaian harian ya!,1
pengiriman terlambat dari segi fitur banget,0
buatku fiturnya jalan sesuai deskripsi dari pengalaman pertama sih,1
kalau dari pengalamanku delivery normal ga cepat tidak lambat untuk harga segini ya,1
review singkat harga nggak sebanding dari pengalaman pertama...,0
fiturnya jalan sesuai deskripsi dari segi fitur sih,1
adminnya susah dihubungi menurutku,0
kalau dari pengalamanku produk ini mengecewakan sih,0
hasilnya tidak buruk tidak istimewa dari segi fitur sih,1
kalau dari pengalamanku pengiriman tepat waktu buat pemakaian harian ya,2
buatku pelayanan cepat dan memuaskan dari pengalaman pertama ya,2
pengiriman tepat waktu dari pengalaman pertama,2
kalau dari pengalamanku kualitasnya buruk dari segi fitur ya,0
review singkat kualitasnya lumayan menurutku,1
kalau dari pengalamanku overall masih oke untuk harga segini dari segi fitur ya,1
menurutku dipakai harian tetap nyaman untuk harga segini menurutku...,2
harga sesuai kualitas dari segi fitur sih,2
kalau dari pengalamanku pelayanan cukup biasa untuk harga segini buatku,1
review singkat pengiriman sesuai estimasi buat pemakaian harian ya,1
pengiriman normal ga cepat tidak lambat menurutku,1
jujur ya harga tidak sebanding untuk harga segini sih,0
buatku pengiriman terlambat,0
menurutku hasilnya nggak buruk tidak istimewa buat pemakaian harian banget!,1
buatku worth it banget buat dibeli dari pengalaman pertama banget!,2
worth it bgt buat dibeli dari pengalaman pertama,2
buatku barang datang dalam kondisi jelek buatku,0
review singkat fiturnya jalan sesuai deskripsi buat pemakaian harian ya,1
pelayanan sangat lambat untuk harga segini menurutku!,0
review singkat kwalitasnya mantap buat pemakaian harian sih,2
review singkat kualitasnya buruk buat pemakaian harian banget,0
dipakai harian tetap nyaman banget.,2
buatku kualitasnya mantap buat pemakaian harian menurutku,2
review singkat harga sesuai kualitas dari pengalaman pertama,2
buatku delivery tepat waktu dari pengalaman pertama buatku,2
jujur ya pengiriman sesuai estimasi untuk harga segini ya.,1
kalau dari pengalamanku sejauh ini aman tapi belum spesial buatku,1
jujur ya fiturnya sangat membantu dari segi fitur buatku...,2
kalau dari pengalamanku saya suka hasilnya buat pemakaian harian sih,2
jujur ya pelayanan sangat lambat sih,0
saya gak puas menurutku.,0
jujur ya servis cukup biasa untuk harga segini.,1
buatku saya tidak puas dari segi fitur,0
dipakai sebentar langsung bermasalah buat pemakaian harian bgt,0
review singkat pengalaman saya biasa saja dari segi fitur menurutku,1
tidak recommended buat pemakaian harian ya,0
jujur ya tidak recommended untuk harga segini banget,0
pengiriman normal tidak cepat tidak lambat banget,1
kalau dari pengalamanku dipakai sebentar langsung bermasalah untuk harga segini ya,0
menurutku dipakai sebentar langsung bermasalah sih,0
buatku packaging rusak waktu sampai dari segi fitur sih,0
kalau dari pengalamanku saya tidak puas untuk harga segini,0
review singkat pelayanannya cepat dan memuaskan ya,2
jujur ya fiturnya beneran membantu menurutku,2
kalau dari pengalamanku sejauh ini aman tapi belum spesial dari segi fitur,1
menurutku harga masih oke untuk harga segini ya,1
review singkat fiturnya cukup membantu dari pengalaman pertama sih,1
hasilnya nggak buruk tidak istimewa dari pengalaman pertama banget...,1
menurutku dipakai harian tetap nyaman banget,2
kalau dari pengalamanku produk ini zonk dari segi fitur menurutku...,0
review singkat pelayanan cepat dan memuaskan dari segi fitur sih,2
jujur ya fiturnya cukup membantu,1
overall masih oke untuk harga segini dari pengalaman pertama sih,1
jujur ya worth it banget buat dibeli untuk harga segini,2
buatku fiturnya sangat membantu untuk harga segini menurutku,2
buatku fiturnya cukup membantu buat pemakaian harian banget,1
review singkat pelayanan sangat lambat dari segi fitur,0
review singkat kualitasnya mantap buat pemakaian harian bgt,2
buatku pelayanan cukup biasa dari segi fitur buatku,1
kalau dari pengalamanku pengiriman tepat waktu sih,2
menurutku dipakai harian tetap nyaman bgt!,2
buatku pengalaman saya biasa saja dari segi fitur,1
jujur ya packaging rusak waktu sampai dari segi fitur,0
menurutku pelayanan cukup biasa dari pengalaman pertama.,1
kalau dari pengalamanku fiturnya sangat membantu banget,2
menurutku pengalaman saya biasa saja untuk harga segini,1
kalau dari pengalamanku pengalaman saya biasa saja,1
review singkat kualitasnya buruk dari pengalaman pertama banget,0
recommended banget untuk harga segini,2
review singkat saya tidak puas buat pemakaian harian buatku,0
buatku harga nggak sebanding buat pemakaian harian buatku,0
kalau dari pengalamanku sejauh ini aman tapi belum spesial untuk harga segini ya,1
pelayanan sangat lambat banget,0
review singkat adminnya responsif dan ramah dari pengalaman pertama sih,2
menurutku servis cukup biasa untuk harga segini bnget,1
menurutku dipakai sebentar langsung bermasalah buat pemakaian harian buatku,0
buatku packaging rapi dan aman untuk harga segini sih,2
menurutku kualitasnya lumayan buat pemakaian harian buatku,1
kalau dari pengalamanku dipakai sebentar langsung bermasalah untuk harga segini bnget!,0
review singkat produk ini sangat bagus untuk harga segini!,2
buatku harga masih oke dari pengalaman pertama menurutku,1
review singkat harga tidak sebanding,0
kalau dari pengalamanku barang ini standar banget,1
jujur ya pengiriman sesuai estimasi dari segi fitur sih,1
jujur ya saya nggak puas dari segi fitur ya,0
buatku pengiriman normal nggak cepat tidak lambat buat pemakaian harian sih...,1
review singkat fiturnya sering error buat pemakaian harian buatku.,0
review singkat kualitasnya lumayan dari segi fitur sih,1
harga tidak sebanding dari pengalaman pertama menurutku,0
kalau dari pengalamanku overall masih oke untuk harga segini buat pemakaian harian buatku,1
menurutku fiturnya sangat membantu untuk harga segini sih,2
kalau dari pengalamanku dipakai harian tetap nyaman dari pengalaman pertama sih,2
buatku pengiriman terlambat buat pemakaian harian bnget,0
buatku pengiriman tepat waktu buat pemakaian harian,2
menurutku fiturnya jalan sesuai deskripsi dari segi fitur banget!,1
review singkat produk ini standar dari segi fitur ya,1
kalau dari pengalamanku kualitasnya mantap,2
buatku packaging rusak waktu sampai buat pemakaian harian buatku!,0
pengiriman normal gak cepat tidak lambat dari segi fitur sih,1
menurutku saya suka hasilnya untuk harga segini banget,2
jujur ya barang datang dalam kondisi jelek untuk harga segini banget.,0
review singkat harga masih oke dari segi fitur buatku,1
tidak recommended buat pemakaian harian buatku,0
kalau dari pengalamanku pengiriman tepat waktu untuk harga segini ya,2
buatku barang datang dalam kondisi jelek untuk harga segini ya,0
kalau dari pengalamanku packaging rusak waktu sampai buat pemakaian harian ya,0
barang ini zonk untuk harga segini banget,0
buatku dipakai harian tetap nyaman dari pengalaman pertama ya!,2
barang datang dalam kondisi jelek buat pemakaian harian,0
menurutku adminnya susah dihubungi untuk harga segini sih!,0
buatku kualitasnya buruk!,0
jujur ya fiturnya sering error buatku,0
jujur ya worth it banget buat dibeli buat pemakaian harian sih,2
buatku produk ini zonk dari pengalaman pertama buatku,0
review singkat recommended banget buat pemakaian harian sih,2
packaging rusak waktu sampai sih,0
menurutku kwalitasnya buruk dari segi fitur,0
menurutku pengiriman normal nggak cepat tidak lambat dari segi fitur,1
kalau dari pengalamanku produk ini standar dari pengalaman pertama ya,1
buatku produk ini standar dari pengalaman pertama buatku.,1
buatku pelayanan cukup biasa buat pemakaian harian banget,1
fiturnya jalan sesuai deskripsi dari segi fitur buatku,1
buatku kwalitasnya buruk dari segi fitur buatku,0
review singkat kualitasnya mantap buat pemakaian harian ya,2
menurutku produk ini zonk buatku,0
buatku dipakai harian tetap nyaman dari segi fitur menurutku,2
pengiriman normal ga cepat tidak lambat buat pemakaian harian ya,1
review singkat saya tidak puas dari pengalaman pertama,0
jujur ya produk ini standar banget!,1
rekomen banget buat pemakaian harian,2
review singkat sejauh ini aman tapi belum spesial dari pengalaman pertama sih...,1
kalau dari pengalamanku saya tidak puas,0
review singkat delivery normal tidak cepat tidak lambat dari pengalaman pertama ya,1
menurutku produk ini standar dari pengalaman pertama ya,1
buatku packaging rusak waktu sampai buat pemakaian harian sih!,0
review singkat adminnya susah dihubungi dari segi fitur banget,0
menurutku fiturnya sering error buat pemakaian harian,0
jujur ya pelayanan cepat dan memuaskan dari segi fitur ya,2
review singkat overall masih oke untuk harga segini dari segi fitur menurutku,1
fiturnya cukup membantu dari segi fitur,1
jujur ya pengiriman sesuai estimasi dari pengalaman pertama banget,1
review singkat pengalaman saya biasa saja ya,1
pengiriman sesuai estimasi buat pemakaian harian ya...,1
jujur ya fiturnya sangat membantu menurutku,2
buatku overall masih oke untuk harga segini dari pengalaman pertama sih,1
jujur ya adminnya responsif dan ramah untuk harga segini.,2
jujur ya packaging rusak waktu sampai sih,0
review singkat produk ini sangat bagus untuk harga segini menurutku,2
menurutku pelayanan cukup biasa untuk harga segini ya,1
menurutku adminnya susah dihubungi dari pengalaman pertama banget,0
review singkat pengiriman normal tidak cepat tidak lambat ya,1
review singkat kualitasnya buruk menurutku,0
fiturnya sering error dari segi fitur ya,0
jujur ya pelayanan cukup biasa dari segi fitur buatku,1
buatku worth it banget buat dibeli untuk harga segini buatku,2
buatku packaging rapi dan aman ya,2
jujur ya overall masih oke untuk harga segini ya,1
jujur ya adminnya susah dihubungi menurutku,0
menurutku harga masih oke buat pemakaian harian bnget,1
produk ini standar dari pengalaman pertama menurutku...,1
menurutku tidak rekomen menurutku,0
menurutku fiturnya sangat membantu buat pemakaian harian buatku,2
harga masih oke menurutku,1
buatku worth it banget buat dibeli buat pemakaian harian ya,2
harga sesuai kualitas dari segi fitur ya,2
kalau dari pengalamanku tidak recommended untuk harga segini ya,0
jujur ya pelayanan cukup biasa untuk harga segini sih,1
jujur ya pengiriman tepat waktu,2
buatku kualitasnya buruk untuk harga segini menurutku,0
menurutku kualitasnya mantap dari pengalaman pertama ya,2
produk ini standar buat pemakaian harian sih,1
menurutku adminnya responsif dan ramah buat pemakaian harian ya,2
jujur ya kualitasnya mantap dari pengalaman pertama menurutku,2
kalau dari pengalamanku recommended bgt untuk harga segini buatku,2
jujur ya saya gak puas buat pemakaian harian,0
produk ini sangat bagus buat pemakaian harian buatku,2
jujur ya adminnya responsif dan ramah dari segi fitur buatku,2
jujur ya packaging rapi dan aman dari segi fitur ya,2
worth it banget buat dibeli dari pengalaman pertama menurutku,2
review singkat adminnya responsif dan ramah menurutku!,2
buatku saya tidak puas buat pemakaian harian menurutku!,0
jujur ya recommended banget untuk harga segini ya,2
jujur ya fiturnya sangat membantu dari pengalaman pertama menurutku,2
fiturnya sering error untuk harga segini menurutku,0
menurutku dipakai harian tetap nyaman banget,2
kalau dari pengalamanku sejauh ini aman tapi belum spesial sih,1
jujur ya produk ini sangat bagus untuk harga segini sih,2
kalau dari pengalamanku kualitasnya mantap,2
menurutku adminnya responsif dan ramah dari pengalaman pertama ya!,2
menurutku produk ini standar bgt,1
buatku sejauh ini aman tapi belum spesial dari pengalaman pertama sih,1
menurutku pengiriman tepat waktu buat pemakaian harian sih,2
review singkat pengalaman saya biasa saja,1
jujur ya kualitasnya lumayan dari segi fitur menurutku,1
review singkat dipakai harian tetap nyaman untuk harga segini,2
review singkat sejauh ini aman tapi belum spesial buat pemakaian harian...,1
menurutku worth it banget buat dibeli dari segi fitur,2
menurutku dipakai sebentar langsung bermasalah buat pemakaian harian sih...,0
buatku pelayanan sangat lambat dari segi fitur menurutku,0
fiturnya cukup membantu buat pemakaian harian,1
menurutku harga masih oke untuk harga segini ya,1
review singkat adminnya susah dihubungi buat pemakaian harian buatku,0
pelayanannya cepat dan memuaskan untuk harga segini buatku,2
kalau dari pengalamanku pengalaman saya biasa saja menurutku,1
review singkat kualitasnya mantap untuk harga segini,2
harga sesuai kwalitas buat pemakaian harian sih!,2
kualitasnya lumayan buat pemakaian harian,1
pelayanan sangat lambat sih,0
menurutku packaging rapi dan aman untuk harga segini banget,2
buatku kualitasnya mantap buat pemakaian harian banget.,2
jujur ya sejauh ini aman tapi belum spesial buat pemakaian harian,1
buatku overall masih oke untuk harga segini buat pemakaian harian,1
menurutku worth it bnget buat dibeli buatku!,2
buatku harga tidak sebanding dari segi fitur sih,0
saya tidak puas,0
kalau dari pengalamanku harga ga sebanding banget,0
jujur ya sejauh ini aman tapi belum spesial,1
buatku pelayanan cukup biasa sih,1
buatku dipakai sebentar langsung bermasalah menurutku,0
review singkat harga tidak sebanding,0
review singkat overall masih oke untuk harga segini ya...,1
buatku adminnya responsif dan ramah untuk harga segini ya,2
kalau dari pengalamanku dipakai harian tetap nyaman dari pengalaman pertama,2
review singkat pengiriman terlambat buat pemakaian harian menurutku,0
buatku sejauh ini aman tapi belum spesial dari segi fitur sih,1
kalau dari pengalamanku sejauh ini aman tapi belum spesial dari pengalaman pertama menurutku,1
jujur ya fiturnya sangat membantu dari segi fitur ya.,2
jujur ya pengiriman tepat waktu,2
kalau dari pengalamanku servis cukup biasa dari segi fitur,1
jujur ya dipakai harian tetap nyaman untuk harga segini buatku,2
buatku adminnya responsif dan ramah,2
jujur ya dipakai sebentar langsung bermasalah buat pemakaian harian sih,0
harga gak sebanding menurutku!,0
jujur ya harga tidak sebanding ya,0
review singkat harga masih oke untuk harga segini ya,1
menurutku produk ini standar buat pemakaian harian ya.,1
buatku recommended banget dari pengalaman pertama ya,2
jujur ya pelayanan cepat dan ok menurutku.,2
review singkat packaging rusak waktu sampai untuk harga segini sih...,0
kalau dari pengalamanku saya tidak puas dari segi fitur buatku,0
buatku worth it banget buat dibeli dari pengalaman pertama banget,2
buatku sejauh ini aman tapi belum spesial buat pemakaian harian buatku,1
kalau dari pengalamanku dipakai sebentar langsung bermasalah dari segi fitur sih,0
jujur ya fiturnya sering error dari segi fitur...,0
review singkat harga sesuai kualitas dari pengalaman pertama ya,2
jujur ya tidak recommended untuk harga segini ya,0
jujur ya kualitasnya mantap sih,2
buatku packaging rusak waktu sampai buat pemakaian harian menurutku,0
menurutku kualitasnya mantap sih!,2
jujur ya fiturnya jalan sesuai deskripsi sih,1
kalau dari pengalamanku fiturnya jalan sesuai deskripsi bgt,1
menurutku produk ini mengecewakan dari segi fitur,0
menurutku pelayanan cepat dan ok dari pengalaman pertama,2
menurutku dipakai harian tetap nyaman untuk harga segini buatku,2
buatku produk ini mengecewakan dari pengalaman pertama sih,0
review singkat packaging rapi dan aman buatku,2
buatku kualitasnya mantap buat pemakaian harian sih,2
produk ini mengecewakan dari pengalaman pertama menurutku,0
kalau dari pengalamanku kualitasnya mantap dari segi fitur menurutku...,2
menurutku rekomen banget dari segi fitur banget,2
menurutku kualitasnya buruk,0
kalau dari pengalamanku pelayanannya cepat dan memuaskan buat pemakaian harian buatku,2
kalau dari pengalamanku pelayanan cukup biasa sih,1
kalau dari pengalamanku adminnya responsif dan ramah untuk harga segini sih,2
jujur ya barang datang dalam kondisi jelek buat pemakaian harian menurutku,0
review singkat pengiriman tepat waktu buat pemakaian harian sih,2
kalau dari pengalamanku saya tidak puas untuk harga segini banget,0
overall masih oke untuk harga segini buat pemakaian harian,1
review singkat packaging rapi dan aman dari pengalaman pertama sih,2
menurutku adminnya susah dihubungi dari pengalaman pertama buatku.,0
saya tidak puas dari segi fitur banget,0
menurutku pelayanannya cukup biasa banget,1
buatku barang datang dalam kondisi jelek,0
menurutku delivery sesuai estimasi dari segi fitur banget,1
menurutku pengalaman saya biasa saja buat pemakaian harian buatku,1
review singkat hasilnya ga buruk tidak istimewa buat pemakaian harian banget,1
buatku packaging rusak waktu sampai untuk harga segini buatku,0
review singkat kualitasnya lumayan sih,1
review singkat pelayanan cepat dan ok dari segi fitur buatku.,2
menurutku dipakai harian tetap nyaman untuk harga segini,2
adminnya susah dihubungi dari segi fitur,0
fiturnya jalan sesuai deskripsi dari segi fitur ya,1
kalau dari pengalamanku dipakai harian tetap nyaman dari pengalaman pertama menurutku,2
jujur ya worth it banget buat dibeli untuk harga segini sih.,2
kalau dari pengalamanku pengiriman sesuai estimasi untuk harga segini buatku!,1
jujur ya kualitasnya mantap dari segi fitur ya,2
review singkat saya suka hasilnya buat pemakaian harian...,2
pengalaman saya biasa saja buat pemakaian harian ya,1
review singkat fiturnya jalan sesuai deskripsi untuk harga segini...,1
buatku pelayanannya cepat dan memuaskan dari segi fitur banget,2
jujur ya dipakai sebentar langsung bermasalah dari pengalaman pertama ya,0
tidak recommended untuk harga segini,0
review singkat pengiriman normal gak cepat tidak lambat dari segi fitur sih.,1
review singkat pelayanan cukup biasa dari segi fitur ya,1
menurutku saya nggak puas sih,0
kalau dari pengalamanku pengiriman tepat waktu dari pengalaman pertama ya,2
buatku fiturnya sangat membantu buat pemakaian harian menurutku,2
review singkat dipakai harian tetap nyaman dari segi fitur menurutku,2
pengalaman saya biasa saja buat pemakaian harian,1
buatku produk ini sangat bagus buat pemakaian harian sih,2
servis cepat dan memuaskan dari pengalaman pertama sih,2
review singkat produk ini sangat bagus buatku,2
buatku recommended banget banget,2
kualitasnya lumayan dari pengalaman pertama banget,1
review singkat pengiriman normal tidak cepat tidak lambat dari segi fitur banget,1
review singkat fiturnya jalan sesuai deskripsi buat pemakaian harian bgt,1
kalau dari pengalamanku produk ini mengecewakan dari pengalaman pertama menurutku.,0
kalau dari pengalamanku overall masih oke untuk harga segini buat pemakaian harian ya,1
review singkat harga sesuai kualitas buat pemakaian harian buatku,2
jujur ya produk ini mengecewakan buat pemakaian harian sih,0
buatku adminnya susah dihubungi dari segi fitur...,0
kualitasnya lumayan buat pemakaian harian menurutku,1
jujur ya packaging rapi dan aman buat pemakaian harian ya!,2
buatku fiturnya sering error untuk harga segini banget,0
kalau dari pengalamanku produk ini standar buatku,1
buatku packaging rapi dan aman dari pengalaman pertama buatku,2
review singkat saya tidak puas ya!,0
menurutku fiturnya sering error untuk harga segini sih,0
menurutku kwalitasnya buruk untuk harga segini,0
review singkat fiturnya sangat membantu dari segi fitur sih,2
menurutku dipakai sebentar langsung bermasalah dari segi fitur,0
menurutku pengiriman terlambat dari segi fitur banget,0
kualitasnya lumayan dari segi fitur buatku,1
jujur ya pelayanan sangat lambat buat pemakaian harian buatku,0
buatku saya suka hasilnya sih,2
kalau dari pengalamanku pengiriman sesuai estimasi dari pengalaman pertama sih,1
kualitasnya mantap dari pengalaman pertama,2
review singkat packaging rusak waktu sampai dari pengalaman pertama sih!,0
menurutku fiturnya cukup membantu dari segi fitur banget,1
jujur ya hasilnya tidak buruk tidak istimewa dari pengalaman pertama buatku,1
menurutku pengiriman terlambat dari segi fitur menurutku,0
menurutku saya suka hasilnya banget.,2
produk ini standar dari segi fitur ya,1
kalau dari pengalamanku pengiriman tepat waktu buat pemakaian harian sih,2
harga masih oke buatku...,1
buatku delivery terlambat dari segi fitur sih,0
buatku pengalaman saya biasa saja buat pemakaian harian buatku,1
jujur ya dipakai harian tetap nyaman ya,2
jujur ya delivery terlambat untuk harga segini banget,0
review singkat pengiriman sesuai estimasi dari pengalaman pertama buatku...,1
menurutku barang datang dalam kondisi jelek untuk harga segini sih,0
buatku packaging rapi dan aman buat pemakaian harian buatku,2
menurutku hasilnya tidak buruk tidak istimewa dari pengalaman pertama menurutku,1
review singkat barang datang dalam kondisi jelek untuk harga segini ya,0
produk ini standar dari segi fitur menurutku,1
jujur ya fiturnya jalan sesuai deskripsi untuk harga segini,1
menurutku dipakai harian tetap nyaman buat pemakaian harian ya,2
jujur ya packaging rusak waktu sampai dari pengalaman pertama banget!,0
menurutku adminnya susah dihubungi buat pemakaian harian menurutku,0
jujur ya kualitasnya lumayan untuk harga segini sih,1
review singkat pengiriman terlambat buat pemakaian harian buatku...,0
menurutku fiturnya sangat membantu,2
kalau dari pengalamanku kualitasnya buruk dari pengalaman pertama banget,0
menurutku sejauh ini aman tapi belum spesial untuk harga segini buatku,1
menurutku harga gak sebanding untuk harga segini banget,0
buatku produk ini standar banget!,1
adminnya responsif dan ramah buat pemakaian harian,2
buatku fiturnya sering error ya,0
kalau dari pengalamanku tidak recommended untuk harga segini menurutku.,0
fiturnya sangat membantu buatku,2
review singkat adminnya responsif dan ramah.,2
dipakai harian tetap nyaman untuk harga segini buatku,2
kalau dari pengalamanku saya suka hasilnya buat pemakaian harian sih,2
kalau dari pengalamanku saya suka hasilnya untuk harga segini ya.,2
packaging rusak waktu sampai untuk harga segini buatku,0
fiturnya sangat membantu buat pemakaian harian ya,2
packaging rusak waktu sampai dari pengalaman pertama ya...,0
kalau dari pengalamanku servis cepat dan memuaskan dari pengalaman pertama banget,2
buatku sejauh ini aman tapi belum spesial dari segi fitur ya,1
review singkat fiturnya sering error dari segi fitur sih,0
buatku barang datang dalam kondisi jelek untuk harga segini ya!,0
review singkat fiturnya sering error untuk harga segini banget.,0
tidak recommended dari pengalaman pertama buatku,0
pelayanan sangat lambat untuk harga segini ya,0
review singkat recommended bgt untuk harga segini ya,2
review singkat harga masih oke dari pengalaman pertama banget,1
delivery sesuai estimasi buat pemakaian harian sih.,1
review singkat recommended bgt buat pemakaian harian sih!,2
kalau dari pengalamanku packaging rusak waktu sampai buat pemakaian harian menurutku!,0
kualitasnya lumayan untuk harga segini banget...,1
kalau dari pengalamanku dipakai harian tetap nyaman untuk harga segini buatku,2
jujur ya kualitasnya mantap dari pengalaman pertama ya...,2
jujur ya produk ini sangat bagus buat pemakaian harian!,2
jujur ya overall masih oke untuk harga segini untuk harga segini buatku,1
kalau dari pengalamanku barang ini standar buat pemakaian harian banget,1
kalau dari pengalamanku pelayanan cepat dan ok buat pemakaian harian menurutku,2
jujur ya adminnya susah dihubungi untuk harga segini bgt,0
kualitasnya buruk buat pemakaian harian,0
delivery tepat waktu buat pemakaian harian banget,2
review singkat sejauh ini aman tapi belum spesial buat pemakaian harian ya,1
menurutku harga masih oke dari pengalaman pertama menurutku,1
kalau dari pengalamanku recommended banget dari pengalaman pertama menurutku,2
kalau dari pengalamanku pengiriman sesuai estimasi buat pemakaian harian buatku,1
jujur ya rekomen banget dari segi fitur sih.,2
menurutku harga ga sebanding dari pengalaman pertama,0
kalau dari pengalamanku produk ini sangat bagus dari pengalaman pertama,2
buatku pelayanan beneran lambat bgt,0
buatku produk ini mengecewakan dari segi fitur sih,0
barang datang dalam kondisi jelek dari pengalaman pertama menurutku,0
review singkat fiturnya cukup membantu buat pemakaian harian menurutku,1
menurutku pengiriman tepat waktu dari segi fitur banget,2
jujur ya dipakai harian tetap nyaman menurutku,2
review singkat pengiriman terlambat buat pemakaian harian ya,0
menurutku harga masih oke dari segi fitur buatku,1
review singkat pelayanan cukup biasa buatku,1
packaging rapi dan aman untuk harga segini buatku,2
jujur ya produk ini zonk dari pengalaman pertama,0
kalau dari pengalamanku recommended bgt buat pemakaian harian menurutku,2
jujur ya fiturnya sering error untuk harga segini buatku,0
jujur ya servis sangat lambat buat pemakaian harian banget,0
buatku delivery sesuai estimasi banget,1
buatku fiturnya jalan sesuai deskripsi menurutku,1
review singkat pengiriman normal tidak cepat tidak lambat buat pemakaian harian menurutku!,1
jujur ya sejauh ini aman tapi belum spesial dari segi fitur banget,1
barang ini sangat bagus buat pemakaian harian sih,2
adminnya susah dihubungi dari segi fitur sih,0
review singkat servis sangat lambat untuk harga segini sih,0
menurutku overall masih oke untuk harga segini ya,1
kalau dari pengalamanku pengalaman saya biasa saja ya,1
review singkat adminnya susah dihubungi buat pemakaian harian ya.,0
jujur ya pelayanan cukup biasa menurutku!,1
kalau dari pengalamanku kwalitasnya lumayan untuk harga segini ya,1
buatku adminnya susah dihubungi untuk harga segini ya,0
review singkat fiturnya sering error untuk harga segini...,0
review singkat barang ini sangat bagus buat pemakaian harian buatku,2
jujur ya kwalitasnya lumayan dari pengalaman pertama buatku,1
menurutku pengiriman terlambat,0
jujur ya pelayanan cepat dan memuaskan dari pengalaman pertama ya,2
dipakai sebentar langsung bermasalah banget,0
menurutku saya tidak puas buat pemakaian harian ya,0
dipakai harian tetap nyaman untuk harga segini sih,2
jujur ya kualitasnya mantap sih,2
review singkat pengiriman terlambat buat pemakaian harian ya!,0
fiturnya cukup membantu dari segi fitur,1
menurutku kualitasnya buruk dari segi fitur ya,0
buatku overall masih oke untuk harga segini untuk harga segini banget,1
jujur ya hasilnya tidak buruk tidak istimewa untuk harga segini...,1
review singkat fiturnya cukup membantu buatku,1
kalau dari pengalamanku pengiriman normal tidak cepat tidak lambat untuk harga segini banget,1
menurutku harga sesuai kualitas buat pemakaian harian ya,2
hasilnya tidak buruk tidak istimewa dari segi fitur,1
buatku pengiriman terlambat buat pemakaian harian buatku,0
buatku saya tidak puas untuk harga segini buatku,0
review singkat worth it bgt buat dibeli dari pengalaman pertama buatku...,2
menurutku adminnya susah dihubungi dari pengalaman pertama,0
dipakai harian tetap nyaman untuk harga segini,2
review singkat barang ini zonk dari segi fitur menurutku,0
menurutku sejauh ini aman tapi belum spesial ya!,1
recommended bgt dari pengalaman pertama sih,2
menurutku harga sesuai kualitas banget,2
jujur ya hasilnya nggak buruk tidak istimewa dari pengalaman pertama menurutku,1
kalau dari pengalamanku fiturnya sangat membantu menurutku,2
buatku dipakai harian tetap nyaman dari pengalaman pertama sih,2
kualitasnya mantap buat pemakaian harian sih...,2
kalau dari pengalamanku saya suka hasilnya untuk harga segini banget,2
kalau dari pengalamanku worth it banget buat dibeli buat pemakaian harian sih,2
kwalitasnya mantap buat pemakaian harian ya...,2
menurutku kualitasnya buruk buat pemakaian harian ya,0
jujur ya fiturnya cukup membantu untuk harga segini banget,1
menurutku produk ini sangat bagus dari segi fitur menurutku!,2
kalau dari pengalamanku pelayanan sangat lambat untuk harga segini ya,0
review singkat sejauh ini aman tapi belum spesial dari segi fitur buatku!,1
review singkat packaging rusak waktu sampai dari pengalaman pertama buatku,0
dipakai sebentar langsung bermasalah menurutku,0
kalau dari pengalamanku adminnya responsif dan ramah dari segi fitur bgt.,2
review singkat pelayanan sangat lambat dari segi fitur bgt,0
buatku produk ini standar untuk harga segini sih,1
review singkat hasilnya tidak buruk tidak istimewa buat pemakaian harian,1
review singkat adminnya responsif dan ramah menurutku,2
kualitasnya lumayan dari pengalaman pertama ya,1
menurutku kualitasnya lumayan sih,1
jujur ya saya suka hasilnya dari pengalaman pertama buatku,2
jujur ya fiturnya jalan sesuai deskripsi dari segi fitur menurutku,1
jujur ya kualitasnya mantap untuk harga segini ya,2
buatku fiturnya jalan sesuai deskripsi dari segi fitur buatku,1
kalau dari pengalamanku kualitasnya mantap buatku,2
review singkat pengiriman tepat waktu untuk harga segini bnget,2
jujur ya fiturnya sering error menurutku,0
fiturnya sangat membantu dari pengalaman pertama sih!,2
review singkat kualitasnya mantap dari segi fitur buatku.,2
buatku pelayanan cukup biasa dari segi fitur ya,1
buatku kwalitasnya lumayan banget,1
jujur ya hasilnya nggak buruk tidak istimewa dari segi fitur buatku,1
kalau dari pengalamanku produk ini zonk untuk harga segini ya,0
jujur ya fiturnya sering error buat pemakaian harian menurutku,0
menurutku fiturnya sering error buat pemakaian harian buatku!,0
jujur ya pengiriman terlambat buat pemakaian harian banget...,0
buatku fiturnya sering error untuk harga segini menurutku,0
pengiriman tepat waktu dari segi fitur ya,2
worth it banget buat dibeli dari segi fitur sih...,2
jujur ya kualitasnya buruk ya...,0
review singkat produk ini mengecewakan buat pemakaian harian ya,0
review singkat overall masih oke untuk harga segini untuk harga segini menurutku,1
menurutku saya tidak puas dari pengalaman pertama,0
menurutku dipakai sebentar langsung bermasalah buat pemakaian harian menurutku,0
review singkat adminnya responsif dan ramah dari segi fitur,2
menurutku fiturnya jalan sesuai deskripsi buatku,1
review singkat fiturnya sangat membantu bgt,2
kalau dari pengalamanku fiturnya sering error dari segi fitur menurutku,0
kalau dari pengalamanku harga tidak sebanding dari segi fitur menurutku,0
review singkat worth it banget buat dibeli dari segi fitur banget,2
menurutku packaging rapi dan aman buat pemakaian harian sih!,2
review singkat fiturnya cukup membantu dari segi fitur sih,1
menurutku pelayanan beneran lambat dari pengalaman pertama banget,0
review singkat adminnya susah dihubungi buatku!,0
jujur ya fiturnya sangat membantu untuk harga segini banget,2
menurutku pengiriman normal gak cepat tidak lambat untuk harga segini,1
kalau dari pengalamanku produk ini mengecewakan dari segi fitur buatku,0
buatku fiturnya jalan sesuai deskripsi dari segi fitur menurutku,1
buatku harga masih oke buat pemakaian harian sih,1
menurutku sejauh ini aman tapi belum spesial dari segi fitur menurutku,1
review singkat adminnya responsif dan ramah ya,2
jujur ya saya suka hasilnya buat pemakaian harian banget,2
menurutku fiturnya jalan sesuai deskripsi dari pengalaman pertama,1
jujur ya fiturnya cukup membantu untuk harga segini sih,1
jujur ya harga sesuai kwalitas buat pemakaian harian banget,2
kalau dari pengalamanku barang datang dalam kondisi jelek buatku.,0
buatku worth it banget buat dibeli dari segi fitur menurutku,2
jujur ya packaging rusak waktu sampai bgt,0
jujur ya pengalaman saya biasa saja buat pemakaian harian,1
review singkat pelayanan sangat lambat dari segi fitur.,0
kalau dari pengalamanku saya ga puas dari pengalaman pertama bgt...,0
menurutku produk ini sangat bagus dari segi fitur buatku...,2
jujur ya pengiriman terlambat buat pemakaian harian buatku,0
buatku pengiriman tepat waktu dari pengalaman pertama menurutku,2
review singkat fiturnya jalan sesuai deskripsi buat pemakaian harian banget,1
review singkat pengiriman tepat waktu buat pemakaian harian sih,2
kalau dari pengalamanku fiturnya sering error dari pengalaman pertama menurutku,0
jujur ya adminnya susah dihubungi ya,0
buatku packaging rusak waktu sampai untuk harga segini menurutku,0
buatku kualitasnya buruk dari segi fitur buatku,0
review singkat pengiriman terlambat untuk harga segini menurutku,0
kalau dari pengalamanku packaging rapi dan aman buat pemakaian harian,2
kalau dari pengalamanku kualitasnya mantap buat pemakaian harian ya,2
buatku pelayanan cukup biasa dari segi fitur sih,1
pelayanan sangat lambat untuk harga segini menurutku,0
jujur ya harga sesuai kwalitas dari pengalaman pertama banget,2
kualitasnya mantap dari pengalaman pertama menurutku,2
review singkat pelayanan beneran lambat buat pemakaian harian ya,0
review singkat dipakai harian tetap nyaman menurutku,2
kalau dari pengalamanku packaging rapi dan aman buat pemakaian harian.,2
menurutku overall masih oke untuk harga segini dari segi fitur menurutku.,1
review singkat packaging rusak waktu sampai dari segi fitur buatku,0
jujur ya harga tidak sebanding buat pemakaian harian buatku,0
jujur ya saya suka hasilnya dari pengalaman pertama sih,2
buatku fiturnya beneran membantu dari pengalaman pertama banget,2
jujur ya barang ini standar buat pemakaian harian buatku,1
buatku produk ini zonk dari segi fitur buatku,0
kalau dari pengalamanku fiturnya jalan sesuai deskripsi dari pengalaman pertama buatku,1
jujur ya saya tidak puas sih,0
kalau dari pengalamanku tidak rekomen menurutku,0
review singkat dipakai sebentar langsung bermasalah buat pemakaian harian,0
kalau dari pengalamanku sejauh ini aman tapi belum spesial untuk harga segini sih,1
kalau dari pengalamanku barang datang dalam kondisi jelek untuk harga segini buatku,0
buatku kualitasnya buruk buat pemakaian harian buatku,0
review singkat adminnya susah dihubungi buat pemakaian harian.,0
kalau dari pengalamanku servis sangat lambat dari pengalaman pertama,0
fiturnya sangat membantu,2
pengiriman tepat waktu dari pengalaman pertama menurutku,2
buatku pengiriman terlambat untuk harga segini menurutku,0
menurutku harga tidak sebanding dari segi fitur buatku...,0
buatku saya suka hasilnya buat pemakaian harian ya!,2
kalau dari pengalamanku overall masih oke untuk harga segini buat pemakaian harian sih,1
buatku recommended banget dari pengalaman pertama buatku,2
kalau dari pengalamanku packaging rusak waktu sampai banget,0
jujur ya dipakai sebentar langsung bermasalah dari pengalaman pertama,0
kalau dari pengalamanku fiturnya jalan sesuai deskripsi untuk harga segini menurutku,1
kalau dari pengalamanku overall masih oke untuk harga segini dari pengalaman pertama,1
menurutku gak recommended buat pemakaian harian menurutku,0
jujur ya adminnya susah dihubungi untuk harga segini sih,0
review singkat worth it banget buat dibeli dari segi fitur banget,2
buatku fiturnya sangat membantu buat pemakaian harian menurutku,2
tidak rekomen buat pemakaian harian menurutku,0
buatku dipakai harian tetap nyaman dari pengalaman pertama menurutku,2
jujur ya pengiriman terlambat untuk harga segini banget...,0
kalau dari pengalamanku pelayanan cepat dan memuaskan,2
review singkat packaging rusak waktu sampai dari segi fitur ya,0
jujur ya fiturnya cukup membantu untuk harga segini banget,1
jujur ya harga sesuai kwalitas dari segi fitur banget,2
harga sesuai kualitas buat pemakaian harian banget,2
packaging rapi dan aman,2
fiturnya jalan sesuai deskripsi dari segi fitur banget,1
menurutku pengalaman saya biasa saja untuk harga segini ya,1
pelayanan sangat lambat dari segi fitur ya,0
buatku pengiriman sesuai estimasi untuk harga segini sih,1
review singkat packaging rapi dan aman buat pemakaian harian ya,2
jujur ya recommended banget banget,2
buatku dipakai sebentar langsung bermasalah untuk harga segini sih,0
jujur ya fiturnya sering error buat pemakaian harian,0
produk ini sangat bagus untuk harga segini banget,2
buatku sejauh ini aman tapi belum spesial untuk harga segini menurutku,1
review singkat fiturnya jalan sesuai deskripsi dari segi fitur ya,1
jujur ya adminnya responsif dan ramah dari pengalaman pertama,2
kalau dari pengalamanku pengiriman sesuai estimasi dari pengalaman pertama banget,1
buatku fiturnya sering error buat pemakaian harian buatku,0
review singkat dipakai sebentar langsung bermasalah dari segi fitur sih,0
menurutku sejauh ini aman tapi belum spesial untuk harga segini banget,1
jujur ya pengiriman normal tidak cepat tidak lambat menurutku,1
fiturnya sangat membantu buat pemakaian harian menurutku,2
kualitasnya mantap sih,2
kalau dari pengalamanku packaging rusak waktu sampai buat pemakaian harian sih.,0
menurutku harga tidak sebanding untuk harga segini banget!,0
kalau dari pengalamanku pengiriman tepat waktu dari pengalaman pertama menurutku!,2
review singkat packaging rapi dan aman dari pengalaman pertama,2
menurutku fiturnya jalan sesuai deskripsi dari pengalaman pertama buatku,1
jujur ya produk ini standar banget,1
jujur ya fiturnya sangat membantu menurutku,2
jujur ya kualitasnya mantap dari pengalaman pertama menurutku,2
kalau dari pengalamanku packaging rapi dan aman banget,2
buatku pelayanan beneran lambat dari segi fitur,0
kalau dari pengalamanku pengiriman sesuai estimasi buat pemakaian harian sih,1
menurutku harga ga sebanding dari pengalaman pertama buatku,0
menurutku pengiriman terlambat buat pemakaian harian ya,0
jujur ya produk ini sangat bagus ya,2
jujur ya fiturnya beneran membantu dari segi fitur ya,2
buatku packaging rapi dan aman dari segi fitur buatku,2
buatku dipakai harian tetap nyaman buat pemakaian harian,2
kalau dari pengalamanku fiturnya sangat membantu dari segi fitur bnget,2
packaging rapi dan aman menurutku,2
worth it banget buat dibeli dari pengalaman pertama ya,2
jujur ya barang ini standar untuk harga segini buatku!,1
jujur ya produk ini zonk banget,0
menurutku pengiriman normal nggak cepat tidak lambat untuk harga segini bgt,1
buatku dipakai sebentar langsung bermasalah buat pemakaian harian,0
jujur ya tidak recommended sih!,0
sejauh ini aman tapi belum spesial buat pemakaian harian ya.,1
buatku saya suka hasilnya buat pemakaian harian,2
buatku kualitasnya lumayan,1
buatku tidak recommended buat pemakaian harian buatku,0
saya ga puas dari pengalaman pertama sih,0
menurutku produk ini zonk dari segi fitur bgt,0
review singkat kualitasnya mantap untuk harga segini sih,2
kalau dari pengalamanku pengiriman terlambat dari pengalaman pertama sih,0
kalau dari pengalamanku harga masih oke bnget,1
buatku sejauh ini aman tapi belum spesial untuk harga segini sih,1
buatku ga recommended untuk harga segini,0
kalau dari pengalamanku harga sesuai kualitas untuk harga segini,2
kalau dari pengalamanku overall masih oke untuk harga segini untuk harga segini ya,1
jujur ya barang datang dalam kondisi jelek dari segi fitur sih,0
review singkat kualitasnya lumayan dari pengalaman pertama menurutku...,1
jujur ya harga sesuai kualitas dari pengalaman pertama banget,2
menurutku sejauh ini aman tapi belum spesial dari pengalaman pertama buatku,1
kalau dari pengalamanku overall masih oke untuk harga segini buat pemakaian harian,1
jujur ya pelayanan sangat lambat untuk harga segini banget,0
kalau dari pengalamanku fiturnya cukup membantu ya,1
kalau dari pengalamanku adminnya responsif dan ramah buat pemakaian harian buatku,2
kalau dari pengalamanku kualitasnya mantap buat pemakaian harian,2
review singkat pengiriman tepat waktu dari pengalaman pertama banget,2
buatku fiturnya sering error buat pemakaian harian buatku,0
review singkat fiturnya jalan sesuai deskripsi untuk harga segini menurutku,1
kalau dari pengalamanku adminnya susah dihubungi dari segi fitur menurutku,0
kalau dari pengalamanku produk ini standar buat pemakaian harian,1
jujur ya fiturnya sangat membantu menurutku.,2
buatku packaging rusak waktu sampai untuk harga segini buatku,0
buatku gak rekomen buat pemakaian harian ya...,0
buatku kualitasnya buruk dari pengalaman pertama menurutku,0
menurutku dipakai harian tetap nyaman untuk harga segini banget,2
jujur ya adminnya responsif dan ramah dari pengalaman pertama banget.,2
pelayanan cukup biasa dari pengalaman pertama,1
jujur ya pengalaman saya biasa saja buatku,1
kalau dari pengalamanku overall masih oke untuk harga segini untuk harga segini buatku,1
kalau dari pengalamanku saya tidak puas menurutku,0
review singkat adminnya susah dihubungi dari segi fitur buatku,0
dipakai harian tetap nyaman dari pengalaman pertama ya,2
kalau dari pengalamanku fiturnya jalan sesuai deskripsi dari segi fitur sih,1
menurutku harga tidak sebanding buat pemakaian harian menurutku,0
buatku adminnya responsif dan ramah menurutku,2
review singkat pelayanan cukup biasa untuk harga segini sih.,1
buatku packaging rusak waktu sampai dari segi fitur ya,0
worth it bnget buat dibeli dari pengalaman pertama banget,2
produk ini standar buat pemakaian harian banget,1
jujur ya fiturnya sering error buatku,0
menurutku harga sesuai kualitas buat pemakaian harian menurutku,2
menurutku kualitasnya lumayan buat pemakaian harian banget!,1
kalau dari pengalamanku pengiriman terlambat buat pemakaian harian buatku,0
buatku produk ini sangat bagus dari segi fitur menurutku,2
kalau dari pengalamanku adminnya responsif dan ramah untuk harga segini banget,2
buatku sejauh ini aman tapi belum spesial dari pengalaman pertama ya,1
buatku fiturnya cukup membantu untuk harga segini ya,1
pelayanan cukup biasa buat pemakaian harian...,1
jujur ya produk ini mengecewakan buat pemakaian harian sih,0
buatku hasilnya nggak buruk tidak istimewa buat pemakaian harian menurutku,1
buatku pengiriman sesuai estimasi untuk harga segini buatku,1
jujur ya pengiriman normal gak cepat tidak lambat dari segi fitur menurutku,1
buatku sejauh ini aman tapi belum spesial dari segi fitur,1
buatku packaging rusak waktu sampai buat pemakaian harian banget,0
menurutku adminnya susah dihubungi,0
buatku worth it banget buat dibeli banget,2
jujur ya pengiriman normal tidak cepat tidak lambat buat pemakaian harian banget,1
kalau dari pengalamanku fiturnya cukup membantu dari segi fitur menurutku,1
kalau dari pengalamanku pengiriman sesuai estimasi dari segi fitur sih,1
jujur ya pengiriman sesuai estimasi dari pengalaman pertama buatku,1
review singkat saya suka hasilnya dari pengalaman pertama sih,2
pengiriman terlambat!,0
review singkat pelayanan sangat lambat buat pemakaian harian buatku,0
menurutku worth it bgt buat dibeli dari pengalaman pertama buatku,2
kualitasnya mantap dari pengalaman pertama menurutku,2
buatku adminnya responsif dan ramah dari pengalaman pertama,2
review singkat recommended bgt untuk harga segini ya,2
kalau dari pengalamanku fiturnya sangat membantu dari pengalaman pertama buatku,2
saya tidak puas buat pemakaian harian buatku,0
review singkat fiturnya sangat membantu untuk harga segini sih,2
review singkat kualitasnya lumayan dari pengalaman pertama menurutku,1
barang datang dalam kondisi jelek untuk harga segini buatku,0
jujur ya packaging rusak waktu sampai dari segi fitur menurutku!,0
kalau dari pengalamanku pengiriman normal nggak cepat tidak lambat buatku,1
review singkat adminnya susah dihubungi buat pemakaian harian menurutku,0
menurutku fiturnya cukup membantu dari pengalaman pertama menurutku,1
kualitasnya buruk dari pengalaman pertama sih,0
kalau dari pengalamanku pengiriman tepat waktu dari pengalaman pertama ya,2
menurutku harga sesuai kualitas dari pengalaman pertama menurutku,2
review singkat pelayanan cukup biasa dari pengalaman pertama,1
review singkat fiturnya jalan sesuai deskripsi dari segi fitur,1
kalau dari pengalamanku pengalaman saya biasa saja dari segi fitur sih,1
worth it banget buat dibeli dari pengalaman pertama,2
menurutku dipakai harian tetap nyaman dari segi fitur sih,2
jujur ya fiturnya jalan sesuai deskripsi dari pengalaman pertama menurutku,1
buatku pengiriman normal tidak cepat tidak lambat buatku,1
jujur ya pelayanannya sangat lambat dari pengalaman pertama sih,0
review singkat packaging rapi dan aman buat pemakaian harian menurutku!,2
review singkat fiturnya cukup membantu dari segi fitur sih,1
worth it bgt buat dibeli buat pemakaian harian ya,2
buatku fiturnya sangat membantu buatku,2
kualitasnya lumayan dari segi fitur ya,1
dipakai harian tetap nyaman buat pemakaian harian ya,2
produk ini mengecewakan untuk harga segini menurutku,0
buatku harga sesuai kualitas untuk harga segini buatku,2
review singkat barang datang dalam kondisi jelek untuk harga segini,0
kalau dari pengalamanku dipakai harian tetap nyaman buatku,2
packaging rapi dan aman menurutku,2
worth it bgt buat dibeli untuk harga segini...,2
buatku packaging rapi dan aman bgt,2
menurutku kualitasnya mantap buat pemakaian harian bnget,2
kalau dari pengalamanku pelayanan sangat lambat ya,0
review singkat pengalaman saya biasa saja buat pemakaian harian ya,1
menurutku barang ini beneran bagus banget,2
buatku pelayanan beneran lambat buat pemakaian harian sih...,0
jujur ya kualitasnya buruk dari segi fitur sih,0
barang datang dalam kondisi jelek untuk harga segini.,0
jujur ya adminnya responsif dan ramah dari segi fitur menurutku,2
fiturnya sering error bnget...,0
adminnya responsif dan ramah menurutku,2
jujur ya dipakai harian tetap nyaman menurutku,2
review singkat saya tidak puas menurutku.,0
servis sangat lambat dari pengalaman pertama ya,0
jujur ya kualitasnya mantap untuk harga segini ya,2
buatku saya tidak puas dari segi fitur!,0
worth it bgt buat dibeli untuk harga segini menurutku,2
buatku kualitasnya buruk dari segi fitur menurutku,0
adminnya susah dihubungi buat pemakaian harian banget.,0
buatku dipakai sebentar langsung bermasalah dari pengalaman pertama,0
review singkat saya suka hasilnya dari segi fitur bgt,2
review singkat dipakai harian tetap nyaman untuk harga segini bgt,2
review singkat fiturnya jalan sesuai deskripsi untuk harga segini buatku,1
jujur ya sejauh ini aman tapi belum spesial untuk harga segini bgt,1
review singkat packaging rusak waktu sampai sih,0
kalau dari pengalamanku produk ini mengecewakan dari segi fitur sih,0
buatku pengiriman tepat waktu dari segi fitur menurutku,2
buatku harga tidak sebanding dari pengalaman pertama menurutku,0
buatku sejauh ini aman tapi belum spesial dari pengalaman pertama buatku,1
kalau dari pengalamanku harga sesuai kualitas buat pemakaian harian...,2
jujur ya ga recommended dari pengalaman pertama ya,0
jujur ya pengalaman saya biasa saja buat pemakaian harian,1
buatku pengiriman tepat waktu dari segi fitur,2
kalau dari pengalamanku packaging rapi dan aman untuk harga segini buatku,2
buatku worth it banget buat dibeli untuk harga segini menurutku,2
fiturnya jalan sesuai deskripsi buat pemakaian harian menurutku,1
saya tidak puas untuk harga segini buatku,0
menurutku kualitasnya lumayan buat pemakaian harian ya,1
review singkat dipakai harian tetap nyaman dari segi fitur menurutku,2
saya tidak puas!,0
buatku pengiriman normal gak cepat tidak lambat untuk harga segini menurutku,1
kalau dari pengalamanku saya suka hasilnya dari segi fitur banget,2
menurutku fiturnya jalan sesuai deskripsi buatku,1
menurutku pelayanan cepat dan ok untuk harga segini ya,2
sejauh ini aman tapi belum spesial untuk harga segini buatku,1
review singkat harga tidak sebanding untuk harga segini buatku,0
menurutku packaging rusak waktu sampai,0
review singkat kualitasnya buruk dari segi fitur bnget!,0
buatku recommended banget banget,2
kalau dari pengalamanku hasilnya tidak buruk tidak istimewa dari segi fitur banget,1
menurutku produk ini mengecewakan sih,0
jujur ya fiturnya sering error dari segi fitur banget,0
buatku adminnya responsif dan ramah dari pengalaman pertama sih,2
menurutku fiturnya cukup membantu,1
menurutku pelayanan sangat lambat dari segi fitur menurutku,0
produk ini sangat bagus dari pengalaman pertama sih,2
jujur ya adminnya responsif dan ramah buat pemakaian harian,2
buatku harga masih oke dari pengalaman pertama...,1
buatku barang ini sangat bagus dari segi fitur menurutku,2
kualitasnya buruk buat pemakaian harian sih,0
review singkat rekomen banget dari pengalaman pertama sih,2
buatku harga tidak sebanding buat pemakaian harian ya,0
menurutku pengiriman normal tidak cepat tidak lambat dari pengalaman pertama menurutku,1
menurutku sejauh ini aman tapi belum spesial dari segi fitur,1
buatku fiturnya jalan sesuai deskripsi dari pengalaman pertama ya!,1
overall masih oke untuk harga segini buat pemakaian harian ya,1
kalau dari pengalamanku overall masih oke untuk harga segini buat pemakaian harian,1
menurutku fiturnya cukup membantu dari pengalaman pertama,1
sejauh ini aman tapi belum spesial ya,1
packaging rusak waktu sampai buat pemakaian harian,0
harga gak sebanding banget,0
review singkat produk ini standar dari pengalaman pertama,1
menurutku produk ini standar untuk harga segini buatku,1
kalau dari pengalamanku barang datang dalam kondisi jelek dari pengalaman pertama banget,0
review singkat harga sesuai kualitas dari segi fitur buatku...,2
kalau dari pengalamanku packaging rapi dan aman dari pengalaman pertama menurutku,2
harga masih oke buat pemakaian harian ya,1
pelayanan cukup biasa menurutku.,1
buatku recommended bnget sih,2
kalau dari pengalamanku fiturnya sering error buat pemakaian harian,0
jujur ya fiturnya cukup membantu buat pemakaian harian sih,1
tidak recommended untuk harga segini sih,0
review singkat dipakai sebentar langsung bermasalah menurutku,0
buatku pengiriman sesuai estimasi untuk harga segini menurutku,1
buatku packaging rapi dan aman dari pengalaman pertama ya,2
review singkat pengalaman saya biasa saja buat pemakaian harian menurutku...,1
jujur ya kualitasnya lumayan buatku!,1
kalau dari pengalamanku barang datang dalam kondisi jelek untuk harga segini sih!,0
menurutku pelayanan sangat lambat dari pengalaman pertama menurutku,0
review singkat pelayanan cukup biasa buat pemakaian harian!,1
jujur ya dipakai harian tetap nyaman dari segi fitur buatku,2
servis cukup biasa sih,1
review singkat worth it banget buat dibeli dari pengalaman pertama ya.,2
menurutku adminnya susah dihubungi buat pemakaian harian banget...,0
review singkat fiturnya sangat membantu sih,2
buatku barang datang dalam kondisi jelek untuk harga segini,0
jujur ya overall masih oke untuk harga segini dari pengalaman pertama banget!,1
kalau dari pengalamanku fiturnya sering error dari segi fitur,0
kalau dari pengalamanku pengalaman saya biasa saja buat pemakaian harian sih,1
menurutku dipakai sebentar langsung bermasalah untuk harga segini ya.,0
produk ini sangat bagus untuk harga segini,2
review singkat kualitasnya lumayan untuk harga segini ya...,1
tidak recommended dari segi fitur ya,0
buatku hasilnya gak buruk tidak istimewa untuk harga segini banget,1
jujur ya kualitasnya lumayan buat pemakaian harian menurutku.,1
jujur ya pelayanan cepat dan memuaskan menurutku,2
menurutku pengalaman saya biasa saja sih,1
review singkat pengalaman saya biasa saja dari segi fitur ya!,1
buatku harga masih oke untuk harga segini banget,1
menurutku fiturnya sering error untuk harga segini sih,0
menurutku saya tidak puas dari pengalaman pertama ya,0
fiturnya jalan sesuai deskripsi dari segi fitur banget,1
jujur ya fiturnya jalan sesuai deskripsi untuk harga segini sih,1
review singkat overall masih oke untuk harga segini untuk harga segini ya,1
pengiriman tepat waktu buatku,2
fiturnya beneran membantu dari segi fitur banget,2
kalau dari pengalamanku kualitasnya lumayan dari pengalaman pertama sih,1
buatku dipakai harian tetap nyaman menurutku,2
kalau dari pengalamanku adminnya susah dihubungi dari pengalaman pertama menurutku,0
jujur ya fiturnya cukup membantu dari pengalaman pertama sih,1
jujur ya servis cepat dan memuaskan dari segi fitur,2
review singkat fiturnya sangat membantu ya,2
menurutku harga masih oke buat pemakaian harian ya,1
packaging rusak waktu sampai dari pengalaman pertama ya,0
recommended bgt dari segi fitur ya,2
kalau dari pengalamanku adminnya responsif dan ramah sih...,2
jujur ya kualitasnya buruk,0
pengiriman terlambat,0
kalau dari pengalamanku harga ga sebanding dari segi fitur sih,0
kalau dari pengalamanku pelayanan cukup biasa sih...,1
review singkat hasilnya tidak buruk tidak istimewa untuk harga segini bgt,1
menurutku kualitasnya mantap untuk harga segini,2
kalau dari pengalamanku hasilnya nggak buruk tidak istimewa untuk harga segini sih...,1
review singkat pelayanan cepat dan ok bnget,2
menurutku saya suka hasilnya menurutku,2
menurutku harga tidak sebanding dari pengalaman pertama sih,0
menurutku pengalaman saya biasa saja dari pengalaman pertama sih,1
review singkat barang ini standar buat pemakaian harian sih,1
kalau dari pengalamanku packaging rapi dan aman buatku,2
kalau dari pengalamanku harga masih oke untuk harga segini ya,1
menurutku dipakai sebentar langsung bermasalah untuk harga segini banget,0
kalau dari pengalamanku adminnya responsif dan ramah buat pemakaian harian buatku!,2
buatku produk ini sangat bagus menurutku...,2
harga nggak sebanding ya,0
menurutku overall masih oke untuk harga segini buat pemakaian harian banget,1
buatku produk ini beneran bagus dari segi fitur buatku,2
buatku packaging rapi dan aman dari pengalaman pertama ya,2
menurutku fiturnya jalan sesuai deskripsi buat pemakaian harian sih!,1
review singkat adminnya responsif dan ramah untuk harga segini sih,2
menurutku hasilnya tidak buruk tidak istimewa dari pengalaman pertama sih,1
buatku packaging rapi dan aman dari pengalaman pertama,2
kalau dari pengalamanku pengiriman sesuai estimasi buat pemakaian harian bgt,1
